Participant;V1;V2;V3
1;1;4;0.666666667
2;2;16;1.333333333
3;3;36;2
4;4;64;2.666666667
5;5;100;3.333333333